<?xml version="1.0" encoding="UTF-8"?>
<project-private xmlns="http://www.netbeans.org/ns/project-private/1">
    <editor-bookmarks xmlns="http://www.netbeans.org/ns/editor-bookmarks/2" lastBookmarkId="0"/>
    <open-files xmlns="http://www.netbeans.org/ns/projectui-open-files/2">
        <group>
            <file>file:/C:/Users/melim/Documents/Universidad/Tópicos%20Avanzados%20de%20Informática/TAI_ProyectoFinal/TheHungerGames/src/THG/Persona.java</file>
            <file>file:/C:/Users/melim/Documents/Universidad/Tópicos%20Avanzados%20de%20Informática/TAI_ProyectoFinal/TheHungerGames/src/THG/InterfazTHG.java</file>
            <file>file:/C:/Users/melim/Documents/Universidad/Tópicos%20Avanzados%20de%20Informática/TAI_ProyectoFinal/TheHungerGames/src/THG/Main.java</file>
            <file>file:/C:/Users/melim/Documents/Universidad/Tópicos%20Avanzados%20de%20Informática/TAI_ProyectoFinal/TheHungerGames/src/THG/MiBD.java</file>
        </group>
    </open-files>
</project-private>
